restaurant_id,month,order_volume,cancellations,avg_rating,gross_revenue_inr,support_tickets
R001,10,187,3,4.2,45459,2.7
R001,11,206,3,4.5,54649,2.7
R001,12,239,4,4.2,51638,1.5
R001,13,220,3,4.0,50017,1.8
R001,14,219,3,4.0,54041,2.6
R001,15,192,3,4.1,52466,2.9
R001,16,220,2,4.2,53834,1.1
R001,17,224,3,4.1,49520,3.0
R001,18,171,3,4.4,44325,3.0
R002,9,186,5,4.7,29934,3.2
R002,10,167,6,4.3,28361,2.2
R002,11,193,7,4.3,31031,3.9
R002,12,160,5,4.6,24802,3.6
R002,13,178,6,4.3,33676,2.8
R002,14,141,5,4.2,25432,4.5
R002,15,183,7,4.8,33856,3.6
R002,16,201,9,4.7,32239,2.1
R002,17,163,6,4.4,26930,3.8
R002,18,147,5,4.6,26161,3.9
R003,6,161,19,4.1,45909,7.6
R003,7,147,19,3.6,41684,7.6
R003,8,154,23,4.0,34715,7.0
R003,9,130,22,4.3,36295,21.8
R003,10,156,34,3.9,41631,22.0
R003,11,134,20,3.6,27898,25.1
R003,12,90,21,3.2,25520,12.8
R003,13,41,10,3.5,10754,12.4
R003,14,36,7,3.3,9324,13.1
R003,15,15,3,3.2,4285,13.8
R003,16,11,2,3.1,2878,12.4
R003,17,6,1,2.8,1236,12.4
R003,18,4,0,2.7,1127,10.6
R004,5,85,16,2.8,22461,8.9
R004,6,84,18,3.1,18557,9.1
R004,7,77,19,3.0,18187,9.2
R004,8,88,24,2.6,21973,24.0
R004,9,91,18,2.7,18288,25.4
R004,10,75,26,2.9,18541,26.0
R004,11,49,17,2.6,9849,16.2
R004,12,29,8,1.8,5624,17.3
R004,13,18,4,2.5,3911,16.5
R004,14,7,2,2.2,1394,14.7
R004,15,7,1,2.2,1248,18.5
R004,16,5,1,1.8,1187,14.2
R004,17,2,0,1.8,479,14.4
R004,18,1,0,1.8,205,15.3
R005,5,135,4,3.5,33568,4.8
R005,6,149,4,3.3,37706,3.8
R005,7,137,4,3.6,38605,5.6
R005,8,152,4,3.3,38333,4.2
R005,9,154,4,3.4,38760,4.3
R005,10,155,5,3.5,41909,3.3
R005,11,170,3,3.7,44485,3.9
R005,12,127,5,3.5,34566,5.2
R005,13,133,3,3.5,34272,5.5
R005,14,139,3,3.4,38693,3.6
R005,15,131,3,3.7,33846,5.7
R005,16,134,4,3.4,39138,3.4
R005,17,153,4,3.4,40864,5.8
R005,18,144,3,3.3,41087,4.6
R006,13,131,0,4.2,40477,4.1
R006,14,129,1,4.2,39303,4.7
R006,15,109,0,4.4,27799,3.1
R006,16,107,0,4.2,26411,4.1
R006,17,122,1,4.1,33851,5.7
R006,18,118,1,4.5,35539,3.9
R007,15,113,9,3.8,25996,4.1
R007,16,90,6,3.8,20735,6.4
R007,17,101,6,3.5,21228,5.8
R007,18,125,9,3.4,34901,4.1
R008,6,111,2,4.2,14460,3.5
R008,7,136,3,4.4,23467,4.4
R008,8,124,3,4.3,18876,3.9
R008,9,115,1,4.2,16910,3.1
R008,10,132,3,3.9,20239,3.6
R008,11,132,2,4.2,19373,3.4
R008,12,107,2,3.9,16516,2.0
R008,13,140,3,4.3,15894,3.4
R008,14,141,2,4.0,19129,3.6
R008,15,116,2,4.2,15873,2.5
R008,16,133,3,4.1,14961,4.1
R008,17,124,2,4.6,17918,3.2
R008,18,112,2,4.2,16314,5.3
R009,5,176,27,3.4,37862,7.3
R009,6,171,29,3.2,31184,7.6
R009,7,186,35,3.0,50916,7.6
R009,8,170,35,2.9,45567,20.4
R009,9,203,45,3.1,46571,20.6
R009,10,156,39,3.3,37243,20.4
R009,11,63,15,3.2,17326,12.6
R009,12,79,28,2.9,22125,11.5
R009,13,33,9,2.7,8927,11.8
R009,14,21,6,2.5,5358,13.6
R009,15,12,1,2.6,2317,15.0
R009,16,8,2,2.2,2175,12.1
R009,17,4,0,2.2,919,13.8
R009,18,4,1,1.9,880,13.5
R010,5,252,3,4.0,76046,3.7
R010,6,324,7,3.6,98816,3.0
R010,7,291,6,3.7,85399,3.9
R010,8,284,6,3.7,87885,3.8
R010,9,282,6,4.0,88835,3.5
R010,10,291,7,3.5,93887,3.1
R010,11,308,7,3.9,90039,4.1
R010,12,316,7,3.7,105050,4.6
R010,13,266,4,3.7,88613,3.3
R010,14,281,6,3.5,81749,4.6
R010,15,215,5,3.6,71161,4.6
R010,16,277,6,3.7,74794,5.5
R010,17,257,8,3.6,84395,3.0
R010,18,296,6,3.7,97985,3.6
R011,6,84,8,3.7,22434,3.3
R011,7,94,10,4.0,22211,3.7
R011,8,86,7,3.9,23162,3.4
R011,9,108,10,3.8,22419,1.2
R011,10,115,7,3.8,32548,2.6
R011,11,107,10,4.2,27976,3.0
R011,12,90,9,3.8,21820,3.2
R011,13,106,12,4.2,29389,0.9
R011,14,115,12,3.8,31334,1.5
R011,15,104,7,3.8,28286,3.4
R011,16,101,8,3.5,25113,2.9
R011,17,94,8,3.9,23104,2.5
R011,18,95,11,3.5,22809,1.6
R012,4,284,34,4.2,52269,3.3
R012,5,278,34,3.8,45502,3.8
R012,6,248,28,3.7,42151,5.7
R012,7,284,34,3.9,48906,5.0
R012,8,274,34,4.0,37395,5.1
R012,9,326,47,3.7,40313,4.6
R012,10,256,32,4.2,36834,3.7
R012,11,285,26,3.8,43999,3.7
R012,12,294,52,3.9,41465,5.3
R012,13,233,20,3.8,34866,3.4
R012,14,277,34,4.1,43046,3.5
R012,15,306,31,3.6,52806,5.0
R012,16,255,28,3.7,40552,5.6
R012,17,297,42,4.0,45737,5.0
R012,18,298,45,3.8,37915,4.9
R013,13,274,3,4.1,50198,0.4
R013,14,242,3,4.3,43360,1.6
R013,15,231,4,4.1,30885,0.0
R013,16,287,4,4.2,47269,0.3
R013,17,301,3,4.5,46554,0.2
R013,18,211,3,4.0,30311,1.7
R014,12,69,0,3.5,21854,5.5
R014,13,48,0,3.7,12003,5.9
R014,14,65,0,3.6,15764,6.0
R014,15,49,0,3.5,13257,5.8
R014,16,69,0,3.5,22938,5.3
R014,17,64,0,4.1,16778,4.4
R014,18,72,0,3.6,17727,5.7
R015,5,116,1,4.2,29965,1.3
R015,6,130,0,4.4,36702,1.7
R015,7,128,1,4.2,38334,0.0
R015,8,121,1,4.0,31004,0.6
R015,9,142,1,4.2,36090,1.4
R015,10,132,1,4.4,38637,0.0
R015,11,125,1,4.7,36492,0.6
R015,12,133,1,4.2,34692,1.2
R015,13,124,1,4.0,39629,0.5
R015,14,119,1,4.3,32018,0.0
R015,15,131,1,4.4,34282,1.5
R015,16,129,1,4.3,30317,2.0
R015,17,127,1,4.0,36983,1.4
R015,18,151,1,4.3,35392,0.5
R016,7,71,2,4.1,16534,7.6
R016,8,71,3,4.2,12804,7.2
R016,9,58,2,4.1,13183,7.3
R016,10,80,4,4.3,20103,21.1
R016,11,85,7,4.1,19861,21.1
R016,12,87,5,3.9,21756,19.0
R016,13,40,3,3.8,8682,11.1
R016,14,37,3,3.6,9621,9.2
R016,15,13,1,3.4,3419,13.7
R016,16,12,2,3.2,2541,10.6
R016,17,7,0,3.4,1442,11.9
R016,18,2,0,3.0,578,11.6
R017,6,122,12,3.7,22554,8.6
R017,7,105,10,3.4,14706,9.5
R017,8,110,11,3.7,18139,7.6
R017,9,105,13,3.4,13919,8.0
R017,10,121,8,3.4,22329,10.8
R017,11,94,7,3.7,18937,7.9
R017,12,91,9,3.7,19271,9.1
R017,13,118,11,4.0,20371,7.9
R017,14,128,9,3.3,23289,8.5
R017,15,106,12,3.4,19181,8.2
R017,16,99,9,3.8,21574,9.0
R017,17,81,8,3.6,15927,8.7
R017,18,122,13,3.9,20973,8.6
R018,17,356,16,4.0,79062,1.7
R018,18,346,12,3.8,97276,1.7
R019,3,239,1,4.3,54899,0.5
R019,4,266,3,4.3,72414,3.6
R019,5,252,2,4.3,66420,1.6
R019,6,228,2,4.2,54365,1.9
R019,7,262,2,4.4,69979,2.6
R019,8,216,1,4.4,54462,2.8
R019,9,218,2,4.5,53440,2.3
R019,10,243,2,4.4,69900,1.9
R019,11,200,1,4.0,55886,2.6
R019,12,223,1,4.2,51669,2.0
R019,13,236,2,4.2,49600,0.9
R019,14,234,2,4.2,55285,2.8
R019,15,221,2,4.4,51607,2.3
R019,16,242,2,4.1,67260,3.9
R019,17,235,1,4.3,63919,1.3
R019,18,231,2,4.5,61605,2.6
R020,1,314,3,4.6,64583,2.3
R020,2,344,4,4.8,60585,1.9
R020,3,359,4,4.1,67200,2.3
R020,4,351,6,4.9,66858,9.9
R020,5,362,7,4.4,72932,7.0
R020,6,312,6,4.3,55746,9.4
R020,7,149,11,3.8,29596,3.6
R020,8,142,8,3.9,26056,2.6
R020,9,68,5,3.5,10768,3.4
R020,10,17,1,3.9,2730,4.6
R020,11,27,1,3.2,5869,3.8
R020,12,22,1,3.3,3595,3.0
R020,13,14,1,3.3,3017,1.5
R020,14,7,0,3.2,1249,1.5
R020,15,4,0,3.2,785,1.8
R020,16,2,0,3.1,367,3.2
R020,17,1,0,3.1,198,2.0
R020,18,0,0,2.9,0,3.0
R021,7,119,10,4.0,34513,7.2
R021,8,126,9,4.0,31266,6.1
R021,9,119,6,3.9,33409,6.7
R021,10,113,7,4.0,29044,5.2
R021,11,105,9,3.9,31064,6.6
R021,12,117,8,3.8,30999,5.0
R021,13,120,8,4.1,32389,6.1
R021,14,133,9,3.9,39745,5.6
R021,15,129,12,4.0,35781,5.0
R021,16,116,6,4.2,26696,6.2
R021,17,115,7,3.8,39003,5.8
R021,18,137,12,4.0,35742,5.6
R022,12,74,1,4.0,19951,5.2
R022,13,84,1,4.1,21694,6.0
R022,14,75,2,3.7,19716,4.5
R022,15,82,2,3.8,19926,3.5
R022,16,90,2,3.8,23505,5.9
R022,17,77,1,3.9,18885,5.9
R022,18,93,1,4.3,24176,5.3
R023,10,81,0,4.3,17322,3.7
R023,11,79,0,4.3,14696,3.5
R023,12,67,0,4.2,13205,5.1
R023,13,69,0,4.3,15032,4.8
R023,14,81,1,4.3,15349,4.5
R023,15,75,0,4.3,15416,4.6
R023,16,75,0,4.4,12370,5.4
R023,17,65,0,4.5,13252,4.6
R023,18,66,0,4.5,12737,6.1
R024,4,332,24,4.1,68045,1.9
R024,5,358,26,3.9,69560,2.8
R024,6,339,25,4.1,61532,1.6
R024,7,302,33,3.8,62677,1.1
R024,8,335,28,4.2,57543,1.3
R024,9,316,33,3.7,43047,2.2
R024,10,350,23,4.1,57665,2.0
R024,11,344,21,3.9,70909,2.5
R024,12,296,30,4.0,44283,2.9
R024,13,301,25,4.1,52283,0.6
R024,14,368,36,3.9,73410,1.8
R024,15,323,25,3.8,61500,1.0
R024,16,311,26,4.2,50487,2.6
R024,17,340,18,4.0,67993,2.6
R024,18,317,27,3.9,48421,2.3
R025,3,73,10,4.2,13252,6.2
R025,4,78,5,3.9,16373,7.3
R025,5,66,7,4.2,13305,6.7
R025,6,101,14,3.6,21125,16.2
R025,7,76,10,3.6,14456,19.3
R025,8,96,9,3.8,19470,19.2
R025,9,43,8,3.4,8879,11.8
R025,10,23,3,3.4,4626,11.5
R025,11,16,3,3.4,3278,12.8
R025,12,6,0,3.0,1161,9.9
R025,13,8,1,2.9,1867,10.8
R025,14,3,0,2.9,584,10.2
R025,15,3,0,2.6,603,13.0
R025,16,1,0,2.8,229,11.0
R025,17,0,0,3.0,0,12.0
R025,18,0,0,2.6,0,9.6
R026,9,98,5,3.8,12198,3.8
R026,10,100,3,3.9,16137,2.1
R026,11,92,3,3.9,13984,3.8
R026,12,80,2,4.2,11728,4.4
R026,13,92,4,3.8,12055,4.3
R026,14,100,3,3.8,13961,5.1
R026,15,95,2,3.9,13152,2.5
R026,16,89,3,3.8,12117,4.9
R026,17,86,3,3.9,11589,3.7
R026,18,90,3,3.7,12510,4.3
R027,5,92,1,4.1,26325,4.0
R027,6,92,1,3.9,27842,4.2
R027,7,100,2,4.1,25751,2.6
R027,8,83,1,4.0,25203,3.3
R027,9,87,1,4.0,27286,2.5
R027,10,113,1,4.2,30587,3.2
R027,11,82,1,3.9,18736,3.6
R027,12,88,2,4.3,28274,2.9
R027,13,95,0,4.0,26351,3.6
R027,14,93,1,3.6,26199,3.9
R027,15,106,2,4.1,32333,1.4
R027,16,89,1,4.1,19071,4.7
R027,17,91,1,4.1,28151,1.8
R027,18,95,2,4.1,23612,3.0
R028,9,135,4,4.1,28284,4.4
R028,10,134,4,3.5,29804,5.0
R028,11,139,3,4.0,30794,5.2
R028,12,132,7,3.8,32530,12.7
R028,13,122,6,3.6,26416,17.4
R028,14,160,7,3.6,37984,15.1
R028,15,49,3,3.6,10173,7.4
R028,16,32,3,3.3,6260,6.9
R028,17,19,1,3.1,4181,7.9
R028,18,21,2,3.0,4714,8.9
R029,5,115,28,3.4,31986,9.7
R029,6,143,27,3.7,32625,10.0
R029,7,121,25,3.6,31563,9.8
R029,8,118,28,3.0,21485,28.1
R029,9,125,37,3.4,31949,30.4
R029,10,119,30,2.6,27363,27.6
R029,11,24,7,2.9,6124,18.1
R029,12,44,14,2.6,9824,19.3
R029,13,13,3,2.7,2738,16.3
R029,14,11,2,2.9,2594,15.1
R029,15,12,2,2.1,2721,16.3
R029,16,3,0,2.0,530,16.2
R029,17,4,1,1.9,991,17.4
R029,18,3,0,2.0,638,17.7
R030,4,318,3,4.6,98772,0.0
R030,5,335,3,4.4,100424,2.0
R030,6,333,2,4.5,86033,1.5
R030,7,322,2,4.4,91879,0.0
R030,8,307,2,4.9,85378,0.1
R030,9,350,4,4.4,93174,0.0
R030,10,287,2,4.8,85604,0.8
R030,11,326,2,4.3,98788,1.0
R030,12,384,4,4.7,123016,0.0
R030,13,285,3,4.3,80346,0.9
R030,14,358,5,4.2,98415,0.0
R030,15,300,2,4.4,74015,0.0
R030,16,326,3,4.7,95624,0.0
R030,17,356,4,4.7,117028,0.9
R030,18,406,2,4.6,108897,0.0
R031,6,122,10,3.3,37243,4.1
R031,7,126,11,3.6,40870,3.9
R031,8,131,12,3.7,40076,5.8
R031,9,127,9,3.7,36709,5.8
R031,10,137,10,3.7,36572,5.7
R031,11,114,11,3.7,32901,5.5
R031,12,139,14,3.8,42225,4.0
R031,13,125,10,3.8,35005,4.5
R031,14,157,12,3.5,49648,4.7
R031,15,114,11,3.5,33597,4.7
R031,16,136,6,3.5,44396,5.9
R031,17,119,11,3.5,33611,4.5
R031,18,134,13,3.6,38824,5.7
R032,3,76,0,4.1,22182,3.7
R032,4,70,0,3.6,18991,5.2
R032,5,87,0,3.9,23346,3.0
R032,6,85,0,3.8,23854,3.5
R032,7,83,0,3.8,25292,5.1
R032,8,68,0,4.2,21785,4.6
R032,9,74,0,3.7,19809,4.4
R032,10,76,0,4.0,25000,5.2
R032,11,88,1,4.0,25491,4.9
R032,12,71,0,3.9,19836,3.7
R032,13,87,0,3.8,22539,4.9
R032,14,82,0,3.8,22739,5.6
R032,15,72,0,4.0,18196,5.4
R032,16,87,0,3.6,24669,4.1
R032,17,74,0,4.1,16501,4.4
R032,18,81,0,3.8,23111,3.4
R033,5,156,21,4.0,39582,4.2
R033,6,147,16,4.0,40814,4.7
R033,7,139,19,4.2,29691,6.8
R033,8,163,24,4.3,43718,4.9
R033,9,176,23,4.2,48183,4.0
R033,10,169,20,4.0,41835,5.1
R033,11,180,17,3.7,35492,6.0
R033,12,144,18,4.0,32079,5.8
R033,13,154,18,4.0,40357,4.1
R033,14,170,27,3.7,42711,4.7
R033,15,167,16,4.3,34257,4.8
R033,16,163,18,3.8,40729,5.1
R033,17,157,23,3.9,39603,4.5
R033,18,143,17,3.9,33386,6.0
R034,6,166,8,3.8,67079,1.5
R034,7,165,9,3.8,70775,2.7
R034,8,191,11,4.1,72866,1.9
R034,9,180,13,3.6,70568,2.1
R034,10,173,10,4.0,68437,3.8
R034,11,165,11,3.8,77402,1.3
R034,12,151,11,3.7,56343,1.8
R034,13,190,8,3.8,73967,3.5
R034,14,161,10,3.6,79029,2.4
R034,15,171,13,3.7,79789,2.2
R034,16,182,9,3.6,75804,3.2
R034,17,148,8,4.0,62740,2.2
R034,18,160,12,3.5,63609,1.3
R035,5,233,2,4.7,35145,3.2
R035,6,242,2,4.6,38316,3.0
R035,7,181,1,4.2,28744,3.4
R035,8,273,2,4.1,40204,11.1
R035,9,216,3,3.8,37375,9.4
R035,10,214,2,3.9,36551,9.1
R035,11,50,4,3.6,8231,3.8
R035,12,53,4,3.8,9487,6.2
R035,13,61,3,3.7,11022,3.9
R035,14,24,1,3.1,3338,4.4
R035,15,12,0,3.3,1827,5.0
R035,16,9,0,3.3,1650,5.5
R035,17,5,0,3.0,856,4.8
R035,18,4,0,3.0,683,7.2
R036,4,293,23,4.3,40135,2.4
R036,5,369,37,4.2,48550,3.7
R036,6,327,17,4.6,40739,3.5
R036,7,312,36,4.2,48909,3.9
R036,8,281,24,4.2,33890,3.8
R036,9,311,29,4.2,39330,4.2
R036,10,291,11,4.2,37183,3.8
R036,11,373,43,4.2,46286,4.0
R036,12,299,27,4.1,41460,2.8
R036,13,347,26,4.3,41002,4.2
R036,14,280,25,4.4,37118,2.6
R036,15,326,23,4.1,45269,4.7
R036,16,311,26,4.3,42281,4.1
R036,17,344,27,3.6,42727,4.6
R036,18,309,24,4.4,41375,1.6
R037,7,38,1,3.8,8383,1.9
R037,8,43,1,3.7,6714,2.3
R037,9,44,1,4.2,10028,1.9
R037,10,35,1,3.9,6160,1.9
R037,11,52,1,3.9,9083,2.5
R037,12,43,1,4.0,7131,2.9
R037,13,43,1,3.7,8999,1.8
R037,14,50,1,3.6,10285,2.4
R037,15,37,1,4.0,8039,2.3
R037,16,45,1,4.1,7964,2.2
R037,17,41,1,3.8,9161,2.4
R037,18,41,1,3.9,7773,3.9
R038,10,90,6,4.2,24225,5.7
R038,11,86,9,4.1,22519,6.3
R038,12,92,6,4.0,24818,5.5
R038,13,101,6,4.0,22587,5.1
R038,14,73,5,4.0,19192,5.7
R038,15,111,12,4.3,27446,5.3
R038,16,107,5,4.0,27053,6.2
R038,17,105,6,4.0,28405,5.0
R038,18,110,9,4.1,29603,5.3
R039,15,106,3,4.3,33252,3.0
R039,16,122,4,4.1,38471,2.5
R039,17,94,3,4.1,28172,2.5
R039,18,127,4,4.1,40530,2.2
R040,5,282,23,3.8,59077,0.5
R040,6,303,22,3.7,71882,1.2
R040,7,268,21,4.1,59106,0.0
R040,8,343,31,4.1,81865,0.1
R040,9,300,27,4.0,61213,0.3
R040,10,351,32,3.9,73887,0.0
R040,11,296,23,3.9,82773,0.8
R040,12,361,30,3.8,80831,0.0
R040,13,336,28,3.9,75115,0.0
R040,14,284,27,4.3,73233,0.0
R040,15,355,33,3.8,85735,0.0
R040,16,380,31,3.7,93355,1.0
R040,17,336,28,3.9,68588,0.0
R040,18,347,26,4.0,76763,0.0
R041,11,136,1,4.6,41596,2.2
R041,12,116,0,4.6,36363,0.9
R041,13,114,1,4.3,29986,3.8
R041,14,151,1,4.5,37838,2.9
R041,15,129,1,4.9,36059,2.5
R041,16,163,1,4.6,44168,2.0
R041,17,95,1,5.0,22040,2.8
R041,18,117,1,4.7,28021,1.9
R042,12,72,0,4.0,17265,6.3
R042,13,77,0,3.8,19600,4.7
R042,14,79,0,3.8,19636,5.6
R042,15,84,0,3.7,21183,3.8
R042,16,77,0,3.5,15577,6.1
R042,17,79,0,3.9,21485,5.7
R042,18,77,0,4.0,18163,5.2
R043,9,121,2,4.5,39665,2.7
R043,10,137,3,4.3,42864,3.0
R043,11,124,2,4.2,27286,3.9
R043,12,135,3,4.4,35508,4.2
R043,13,126,2,4.5,32922,2.4
R043,14,119,2,4.1,32816,3.7
R043,15,128,3,4.2,34611,3.1
R043,16,104,2,4.5,32766,4.1
R043,17,144,4,4.6,47194,1.9
R043,18,127,3,4.2,36227,3.5
R044,1,130,10,4.0,51645,6.4
R044,2,137,12,3.6,50779,5.7
R044,3,123,8,3.9,48611,6.5
R044,4,132,10,3.7,55136,6.9
R044,5,147,14,3.8,61972,5.9
R044,6,126,10,3.6,60657,5.5
R044,7,150,12,3.6,47411,6.5
R044,8,162,11,3.5,61149,5.0
R044,9,131,11,3.8,46870,6.3
R044,10,150,11,3.8,61568,6.2
R044,11,141,14,3.9,52531,5.4
R044,12,133,12,3.7,49685,6.8
R044,13,143,14,3.9,49226,5.7
R044,14,154,9,3.9,59847,4.2
R044,15,142,9,3.6,55451,4.1
R044,16,131,15,3.9,46604,7.1
R044,17,127,9,3.6,50817,7.0
R044,18,126,6,4.0,56797,4.0
R045,13,83,1,4.2,14113,5.9
R045,14,81,1,4.2,14722,2.8
R045,15,78,1,4.1,13066,5.4
R045,16,84,0,4.2,17036,4.9
R045,17,88,1,4.0,19527,5.1
R045,18,91,1,4.3,19348,4.6
R046,10,71,0,4.6,20987,4.3
R046,11,60,0,4.4,12836,3.6
R046,12,86,0,4.4,26785,4.0
R046,13,97,1,4.6,25906,11.3
R046,14,100,1,4.3,26939,12.6
R046,15,83,0,4.3,28283,14.1
R046,16,41,3,4.1,12482,7.1
R046,17,31,2,3.9,8470,6.0
R046,18,11,0,3.8,3454,5.8
R047,5,124,7,3.8,23608,3.1
R047,6,138,15,3.8,26277,2.5
R047,7,136,10,4.0,25645,3.7
R047,8,155,9,4.3,29268,3.3
R047,9,144,15,3.7,27806,0.9
R047,10,160,11,3.9,33072,3.5
R047,11,168,18,3.8,32405,1.2
R047,12,139,15,3.8,20572,4.6
R047,13,158,16,3.7,29572,3.0
R047,14,137,11,3.6,24069,3.7
R047,15,138,16,3.6,24462,2.2
R047,16,147,16,3.7,25546,3.4
R047,17,151,14,3.7,27285,3.8
R047,18,125,9,3.6,23971,3.9
R048,13,110,0,3.6,26416,2.4
R048,14,123,1,3.9,29512,2.0
R048,15,109,1,4.0,26297,1.6
R048,16,124,1,3.8,30613,2.6
R048,17,107,1,3.2,29492,1.9
R048,18,117,1,4.0,29530,2.0
R049,4,93,4,3.7,20655,4.8
R049,5,103,5,4.1,23611,2.9
R049,6,96,5,4.2,18568,4.4
R049,7,122,5,4.1,33082,4.8
R049,8,105,5,4.4,25995,5.1
R049,9,105,5,4.2,22214,5.7
R049,10,109,5,3.9,24799,4.2
R049,11,99,5,4.0,20413,7.1
R049,12,98,6,3.8,24286,4.9
R049,13,104,5,4.1,22645,4.3
R049,14,93,5,3.9,22049,5.6
R049,15,113,5,4.3,25688,3.9
R049,16,107,6,4.0,27585,4.4
R049,17,103,4,4.2,24281,4.2
R049,18,106,2,4.2,24693,2.9
R050,4,107,5,3.7,30623,5.4
R050,5,130,3,3.8,32066,4.1
R050,6,120,5,3.9,34258,5.6
R050,7,124,8,4.1,32545,4.6
R050,8,142,8,3.6,41741,4.9
R050,9,115,3,3.9,30456,6.4
R050,10,138,6,4.0,39615,5.1
R050,11,118,5,4.0,32581,4.7
R050,12,92,3,4.0,19196,6.1
R050,13,139,7,4.0,38806,4.9
R050,14,108,6,4.2,25176,3.7
R050,15,124,5,3.9,36851,3.0
R050,16,145,7,4.0,40827,5.7
R050,17,126,7,4.0,31304,3.4
R050,18,110,5,3.8,26879,6.6
R051,5,144,16,4.2,21035,7.3
R051,6,139,12,4.5,21390,7.2
R051,7,105,9,4.2,16563,7.1
R051,8,142,18,4.4,20014,19.1
R051,9,133,23,4.3,21885,21.2
R051,10,134,18,4.1,20260,20.8
R051,11,61,7,3.7,10828,13.0
R051,12,42,9,3.4,6797,13.1
R051,13,33,4,4.0,4385,14.1
R051,14,22,4,3.6,2547,12.1
R051,15,3,0,3.5,421,12.4
R051,16,10,1,3.4,1377,12.5
R051,17,4,0,3.1,507,10.7
R051,18,3,0,2.9,446,10.9
R052,4,152,13,4.4,19020,6.0
R052,5,168,16,4.4,22413,3.5
R052,6,191,15,4.1,25204,4.1
R052,7,195,15,3.7,28467,5.3
R052,8,169,16,3.9,22695,5.6
R052,9,176,10,4.0,23046,5.7
R052,10,177,13,3.8,23622,5.8
R052,11,161,12,3.8,19389,4.8
R052,12,178,18,3.9,24193,3.8
R052,13,185,15,4.3,28081,5.2
R052,14,166,13,4.0,24838,5.6
R052,15,169,9,4.2,24429,4.6
R052,16,184,14,4.2,20284,4.5
R052,17,202,17,4.3,24222,5.9
R052,18,192,10,3.9,25948,3.4
R053,4,140,42,3.1,44852,12.3
R053,5,143,32,3.3,37631,12.1
R053,6,163,39,3.1,54685,12.2
R053,7,154,40,2.8,53854,14.0
R053,8,162,15,3.3,48308,11.1
R053,9,145,37,3.3,45612,11.1
R053,10,135,30,2.9,36435,11.9
R053,11,164,39,3.1,45239,12.1
R053,12,160,57,3.3,50748,11.6
R053,13,138,40,3.1,42465,12.1
R053,14,135,35,2.8,44545,14.2
R053,15,136,38,3.4,47986,11.9
R053,16,118,32,3.2,35634,12.0
R053,17,146,41,3.3,44674,12.4
R053,18,139,40,3.1,43796,10.6
R054,16,109,3,3.9,43631,2.7
R054,17,98,2,4.1,41876,4.8
R054,18,109,2,4.2,46033,4.6
R055,10,264,3,3.8,88005,4.8
R055,11,240,2,4.0,79758,2.7
R055,12,204,2,3.6,63274,1.2
R055,13,241,1,3.9,83728,1.4
R055,14,189,1,3.9,58762,1.3
R055,15,280,2,4.5,85238,2.2
R055,16,220,1,3.9,73886,0.7
R055,17,242,1,4.0,83175,0.9
R055,18,249,2,4.3,72137,4.5
R056,4,122,7,3.5,57515,3.4
R056,5,158,10,3.8,59120,2.5
R056,6,163,11,3.9,77243,1.6
R056,7,159,12,3.8,48461,2.4
R056,8,166,11,3.9,60877,3.8
R056,9,145,9,3.8,52946,5.0
R056,10,133,8,3.6,62611,4.1
R056,11,150,9,4.1,54023,2.0
R056,12,165,11,3.9,70051,5.2
R056,13,133,6,3.9,47057,2.3
R056,14,191,8,3.7,75528,4.8
R056,15,130,8,3.6,54959,2.8
R056,16,186,9,3.4,68154,3.4
R056,17,178,8,3.6,77610,2.4
R056,18,158,9,3.8,58139,2.8
R057,5,320,10,4.6,83754,1.0
R057,6,361,11,4.4,79970,1.8
R057,7,263,12,4.5,55621,1.2
R057,8,314,13,4.5,76165,5.9
R057,9,283,18,4.2,79384,4.3
R057,10,385,19,3.7,98964,7.3
R057,11,260,16,3.9,63379,2.3
R057,12,83,8,3.8,24574,0.0
R057,13,70,7,3.8,14314,2.9
R057,14,32,3,3.6,8373,3.7
R057,15,29,3,3.3,7122,4.8
R057,16,18,1,3.5,4044,3.6
R057,17,8,0,3.2,1955,3.4
R057,18,5,0,3.0,1420,5.9
R058,5,199,12,4.4,56799,2.3
R058,6,172,7,3.9,51533,2.6
R058,7,193,10,3.8,42611,1.5
R058,8,168,8,3.9,47930,2.1
R058,9,180,8,4.3,43301,4.6
R058,10,165,6,4.0,58233,3.4
R058,11,186,10,3.9,51196,2.6
R058,12,207,9,3.9,48750,2.7
R058,13,181,6,4.1,49372,3.5
R058,14,197,9,3.8,48150,4.2
R058,15,178,11,4.1,51023,3.4
R058,16,154,7,3.8,39880,3.2
R058,17,157,8,3.7,46634,2.0
R058,18,157,5,3.9,33866,2.1
R059,11,86,1,3.8,24033,2.8
R059,12,93,2,4.1,27715,2.6
R059,13,77,2,3.7,23079,2.6
R059,14,75,1,4.0,20406,2.3
R059,15,72,1,3.9,18668,2.8
R059,16,93,1,3.8,23599,2.8
R059,17,82,2,4.1,24580,2.4
R059,18,94,2,4.0,29017,3.2
R060,5,145,2,4.5,24702,4.3
R060,6,195,3,4.2,42197,3.7
R060,7,221,5,4.6,45582,5.7
R060,8,199,2,4.3,42146,4.3
R060,9,166,2,4.2,34415,4.2
R060,10,190,2,4.6,33383,4.8
R060,11,201,3,4.2,38992,3.6
R060,12,179,2,4.6,30658,3.0
R060,13,173,2,4.3,36675,3.6
R060,14,193,3,4.3,40653,3.5
R060,15,218,5,4.4,43880,4.2
R060,16,167,2,4.2,34541,2.9
R060,17,181,1,4.1,36884,2.8
R060,18,207,2,4.4,37633,3.9
R061,15,78,0,4.3,21010,2.9
R061,16,81,0,4.4,21952,3.6
R061,17,79,0,4.4,19057,2.5
R061,18,109,0,4.7,23817,1.4
R062,6,166,9,4.2,20968,5.4
R062,7,164,23,3.9,22759,6.0
R062,8,186,18,3.9,28159,5.8
R062,9,170,23,3.9,29811,16.1
R062,10,149,16,3.9,19346,15.3
R062,11,193,21,3.7,37487,14.2
R062,12,110,14,3.6,22389,6.5
R062,13,46,10,3.6,8400,7.7
R062,14,30,6,3.4,5515,8.7
R062,15,24,4,3.5,4220,7.6
R062,16,13,1,2.8,2015,6.5
R062,17,8,1,2.8,1119,7.0
R062,18,5,1,3.0,959,10.0
R063,5,116,13,3.9,14900,1.3
R063,6,110,7,4.0,14418,2.1
R063,7,132,10,3.7,18689,1.5
R063,8,109,9,4.2,16166,0.1
R063,9,120,9,4.4,17927,0.8
R063,10,145,7,4.3,17420,2.4
R063,11,117,8,4.3,16869,0.4
R063,12,136,12,4.3,17652,1.3
R063,13,150,10,4.0,20346,0.0
R063,14,108,11,3.8,14021,1.5
R063,15,135,10,4.0,18889,0.0
R063,16,135,11,4.2,17092,2.6
R063,17,136,11,4.2,16972,0.5
R063,18,163,12,4.2,21043,0.0
R064,14,139,3,4.3,29362,4.9
R064,15,121,3,4.2,21229,3.8
R064,16,114,2,4.2,25461,3.9
R064,17,140,3,4.0,24877,3.4
R064,18,129,2,4.0,27427,4.0
R065,12,127,3,3.7,25315,3.9
R065,13,133,5,3.7,27995,2.8
R065,14,149,3,3.9,25736,3.7
R065,15,143,3,4.2,27698,4.7
R065,16,128,4,3.5,23633,4.9
R065,17,119,3,3.5,21822,4.8
R065,18,108,3,3.8,20436,3.5
R066,5,165,5,4.7,38007,4.1
R066,6,179,5,4.7,45782,1.0
R066,7,156,5,4.2,45408,3.2
R066,8,173,6,4.4,33469,0.9
R066,9,207,9,4.4,54360,3.0
R066,10,184,5,4.2,49536,0.7
R066,11,171,5,4.4,42462,1.9
R066,12,180,6,4.9,37331,2.5
R066,13,181,6,4.3,49053,2.8
R066,14,151,6,4.8,36221,2.5
R066,15,201,6,4.8,53098,1.7
R066,16,162,5,4.2,40017,1.7
R066,17,179,5,4.7,46272,1.9
R066,18,180,6,4.8,38860,2.4
R067,9,63,4,4.0,15203,5.8
R067,10,74,7,4.0,18840,5.9
R067,11,71,5,3.6,19378,5.3
R067,12,58,3,3.9,13451,4.0
R067,13,65,4,3.9,15725,7.7
R067,14,71,5,3.9,20922,7.0
R067,15,58,3,3.8,14314,5.6
R067,16,68,6,4.1,16981,4.6
R067,17,60,4,3.7,17256,5.0
R067,18,72,3,4.0,18328,7.5
R068,8,94,4,3.9,12918,5.0
R068,9,102,5,3.6,15649,7.9
R068,10,109,4,3.8,16145,5.6
R068,11,102,6,3.6,15308,5.5
R068,12,95,4,4.0,15124,5.1
R068,13,96,5,4.3,13976,5.8
R068,14,118,7,3.9,13595,4.5
R068,15,94,5,4.1,13349,4.2
R068,16,124,6,4.1,17391,5.5
R068,17,112,5,4.2,13162,4.4
R068,18,119,7,4.5,16721,6.8
R069,5,236,13,4.0,56841,0.0
R069,6,317,15,4.2,79702,0.3
R069,7,301,15,4.5,72297,0.0
R069,8,306,22,4.5,67086,3.1
R069,9,287,17,3.8,45909,1.9
R069,10,342,28,4.2,80487,0.6
R069,11,186,16,3.9,40948,0.5
R069,12,116,13,3.8,28918,0.0
R069,13,86,12,3.8,24390,0.0
R069,14,36,4,3.0,7820,0.8
R069,15,27,2,3.5,7003,0.6
R069,16,14,1,3.3,3255,0.9
R069,17,11,0,3.3,2371,0.6
R069,18,4,0,3.2,941,0.0
R070,2,135,6,4.3,16006,0.5
R070,3,162,9,4.3,21408,0.0
R070,4,148,9,3.9,23601,1.2
R070,5,120,6,3.6,20887,0.0
R070,6,134,7,4.2,22212,1.7
R070,7,117,6,4.0,21192,1.4
R070,8,151,10,4.3,24656,0.8
R070,9,149,7,4.2,19205,2.5
R070,10,141,5,3.9,18410,0.0
R070,11,138,9,4.2,23427,0.0
R070,12,129,5,4.0,20648,0.6
R070,13,136,6,4.1,21853,0.0
R070,14,141,7,3.8,22008,1.3
R070,15,124,5,4.0,21853,2.4
R070,16,150,9,4.2,23180,1.4
R070,17,139,7,3.9,24135,0.7
R070,18,144,7,4.1,25047,0.4
R071,3,232,5,4.2,31652,0.0
R071,4,279,9,4.1,40830,2.0
R071,5,312,11,4.2,45262,1.1
R071,6,269,9,3.9,38731,1.2
R071,7,263,9,4.0,32865,1.0
R071,8,256,6,4.0,33028,1.5
R071,9,281,8,4.1,45398,1.6
R071,10,246,10,4.2,37943,0.7
R071,11,309,8,4.2,49499,0.0
R071,12,275,8,4.3,43477,1.5
R071,13,283,9,4.1,41266,2.1
R071,14,253,8,4.2,39750,1.0
R071,15,304,12,4.3,38797,2.3
R071,16,316,11,4.0,38088,1.0
R071,17,257,6,3.9,34979,1.0
R071,18,315,11,4.1,46697,1.1
R072,12,260,27,4.5,70370,4.8
R072,13,240,29,4.2,50968,3.3
R072,14,223,26,4.2,56899,4.3
R072,15,231,20,4.3,56747,5.1
R072,16,249,25,4.0,68925,4.6
R072,17,244,33,4.5,63733,4.7
R072,18,242,27,4.4,70865,6.9
R073,7,276,1,3.9,90366,3.9
R073,8,280,2,3.9,90638,2.6
R073,9,288,2,4.1,87760,3.1
R073,10,259,2,3.9,60852,3.9
R073,11,257,2,4.3,79779,1.8
R073,12,250,2,4.2,84888,2.5
R073,13,300,3,3.8,78604,3.5
R073,14,223,1,3.8,63417,2.9
R073,15,252,2,3.8,66666,1.7
R073,16,300,3,3.7,79258,2.9
R073,17,264,3,4.0,72534,6.0
R073,18,266,3,4.2,69652,2.7
R074,5,125,12,3.8,15555,6.8
R074,6,149,16,4.1,16209,7.5
R074,7,104,14,4.0,13351,6.2
R074,8,109,10,4.2,14180,6.2
R074,9,131,16,3.9,21211,7.2
R074,10,127,14,4.2,15203,5.7
R074,11,147,18,3.9,19112,7.3
R074,12,133,19,3.8,18922,6.3
R074,13,127,18,4.1,17082,4.7
R074,14,125,13,4.1,17852,6.2
R074,15,117,18,3.9,13387,5.8
R074,16,119,12,4.2,12064,5.7
R074,17,125,15,4.3,18752,5.1
R074,18,101,12,3.9,11559,6.5
R075,2,239,12,3.7,63628,2.0
R075,3,246,12,3.8,68474,1.8
R075,4,240,15,4.0,64936,3.4
R075,5,224,16,4.0,51317,7.7
R075,6,264,23,3.6,66410,8.2
R075,7,238,21,3.8,79875,7.9
R075,8,119,13,3.6,35694,0.0
R075,9,88,14,3.2,23788,3.3
R075,10,39,6,3.3,10706,3.9
R075,11,20,3,3.1,5380,3.6
R075,12,24,3,2.8,7172,3.5
R075,13,16,1,2.8,4340,5.1
R075,14,9,0,2.5,2284,2.3
R075,15,3,0,2.8,837,5.8
R075,16,2,0,2.6,562,3.2
R075,17,1,0,2.5,282,3.4
R075,18,0,0,2.3,0,6.3
R076,1,120,14,3.7,33919,4.2
R076,2,102,18,3.9,29244,4.2
R076,3,118,20,4.0,35119,4.6
R076,4,104,11,3.6,24732,5.2
R076,5,87,10,3.8,26723,4.3
R076,6,112,16,3.6,34801,4.5
R076,7,95,11,3.8,25437,4.0
R076,8,93,12,3.8,27350,4.8
R076,9,101,14,4.1,32332,6.0
R076,10,109,19,3.9,31441,6.8
R076,11,73,8,4.0,22392,7.1
R076,12,102,11,3.7,29401,6.3
R076,13,117,14,3.8,30686,4.3
R076,14,111,18,3.7,31762,4.6
R076,15,109,12,3.5,33506,4.5
R076,16,98,13,3.9,28626,3.3
R076,17,106,8,3.9,32923,3.6
R076,18,104,15,3.7,31010,2.3
R077,6,96,8,4.3,14263,6.4
R077,7,91,10,4.0,13129,4.7
R077,8,80,4,4.4,11768,6.0
R077,9,97,7,4.5,14953,4.6
R077,10,87,6,4.6,9989,5.3
R077,11,81,5,4.0,10721,3.7
R077,12,87,9,4.3,14119,3.9
R077,13,75,5,4.3,12907,3.3
R077,14,92,6,4.3,10879,5.6
R077,15,86,8,4.3,9386,5.8
R077,16,69,3,4.1,8490,6.1
R077,17,85,8,4.2,11863,5.2
R077,18,93,7,4.2,12205,3.3
R078,17,219,2,4.3,61261,1.2
R078,18,222,1,4.2,65994,0.0
R079,4,52,2,4.1,10390,4.0
R079,5,42,1,4.0,7571,3.9
R079,6,54,3,3.6,10559,4.6
R079,7,60,3,4.2,10700,2.9
R079,8,45,2,3.9,9533,3.6
R079,9,51,2,4.4,9658,3.2
R079,10,57,3,3.9,11561,5.0
R079,11,46,2,4.2,8120,4.3
R079,12,52,2,3.9,10497,4.1
R079,13,57,4,4.3,8675,3.5
R079,14,70,3,4.4,12719,3.7
R079,15,61,3,4.1,13401,4.6
R079,16,57,3,4.2,10025,5.7
R079,17,60,2,3.6,9819,5.4
R079,18,66,3,3.7,11165,2.4
R080,12,85,1,4.9,20921,4.2
R080,13,89,0,4.8,27332,4.9
R080,14,100,1,4.6,28839,4.1
R080,15,106,1,4.4,27106,3.3
R080,16,93,0,4.4,24179,3.6
R080,17,106,1,4.5,29158,3.4
R080,18,100,1,4.7,30403,5.0
R081,5,314,40,3.7,39190,7.3
R081,6,307,41,3.7,48400,6.1
R081,7,323,38,3.7,38649,8.1
R081,8,320,44,3.7,40322,7.1
R081,9,314,24,3.9,50817,7.6
R081,10,292,34,3.8,37047,8.0
R081,11,295,46,4.0,37152,7.1
R081,12,300,35,3.5,34823,8.3
R081,13,333,47,3.7,51575,7.2
R081,14,326,29,3.7,41796,7.1
R081,15,261,35,3.9,31464,6.2
R081,16,277,36,3.6,35592,6.2
R081,17,360,43,3.9,49198,7.2
R081,18,298,31,3.6,34900,6.2
R082,4,104,1,3.9,26517,1.6
R082,5,79,0,4.1,21340,1.2
R082,6,88,0,4.4,24912,1.5
R082,7,104,1,4.5,38128,6.1
R082,8,99,1,3.9,32964,6.2
R082,9,92,1,3.8,25352,8.1
R082,10,42,2,3.6,14136,3.0
R082,11,24,0,3.9,6105,3.4
R082,12,15,1,3.7,3811,3.2
R082,13,11,0,3.5,3569,1.6
R082,14,6,0,3.6,1874,4.2
R082,15,3,0,3.4,897,4.8
R082,16,3,0,3.0,934,3.5
R082,17,1,0,2.9,356,2.6
R082,18,1,0,2.6,398,3.8
R083,16,134,3,4.0,29746,0.4
R083,17,138,3,4.1,26218,0.6
R083,18,106,3,3.5,20058,0.0
R084,7,69,0,3.7,21870,3.3
R084,8,45,0,3.5,11394,3.6
R084,9,55,0,3.5,15493,3.0
R084,10,65,0,3.9,17870,3.2
R084,11,66,0,3.8,15157,4.8
R084,12,65,0,4.0,19038,4.0
R084,13,60,0,3.8,18575,4.5
R084,14,67,0,3.6,16674,3.1
R084,15,71,0,3.7,20739,3.9
R084,16,62,0,3.4,15524,5.2
R084,17,61,0,3.6,17517,4.4
R084,18,63,0,3.5,18106,4.9
R085,10,173,1,4.7,34060,6.7
R085,11,167,1,4.1,35396,7.0
R085,12,148,1,4.6,24873,6.7
R085,13,118,1,4.4,24513,5.7
R085,14,147,0,4.6,28848,6.8
R085,15,131,1,4.8,25458,7.3
R085,16,140,1,4.2,29904,6.8
R085,17,135,1,4.5,29199,8.0
R085,18,151,1,4.5,35234,5.2
R086,15,114,1,4.0,21341,6.0
R086,16,139,1,4.0,29143,5.6
R086,17,141,1,3.8,24428,6.1
R086,18,110,0,3.6,20947,5.8
R087,7,83,1,4.2,31176,5.3
R087,8,98,1,4.0,29415,3.3
R087,9,93,1,3.7,29255,6.2
R087,10,84,1,4.0,25060,6.4
R087,11,79,1,3.8,22033,5.4
R087,12,83,1,3.7,23201,5.3
R087,13,100,1,3.9,26797,4.7
R087,14,87,0,3.8,25374,5.1
R087,15,87,1,4.1,27736,5.0
R087,16,93,1,3.7,29190,6.1
R087,17,97,1,4.0,31830,6.0
R087,18,89,1,4.0,24278,5.1
R088,10,294,2,4.5,102001,0.0
R088,11,281,2,4.1,91846,0.1
R088,12,346,3,4.1,109455,0.8
R088,13,251,2,4.1,71927,2.2
R088,14,337,4,4.4,99892,0.4
R088,15,300,2,4.2,80415,1.8
R088,16,318,3,4.0,103227,2.4
R088,17,288,2,4.3,82396,1.0
R088,18,362,3,4.5,110830,0.2
R089,1,170,5,4.2,64628,5.2
R089,2,127,4,4.4,43068,4.7
R089,3,146,3,3.8,53026,4.9
R089,4,179,4,4.3,75335,6.6
R089,5,170,5,4.3,63539,4.6
R089,6,178,3,4.1,63549,5.3
R089,7,154,5,4.2,53615,3.8
R089,8,160,4,4.1,72075,5.8
R089,9,189,5,4.1,81089,4.6
R089,10,152,4,4.5,67004,5.8
R089,11,186,6,4.0,83396,6.0
R089,12,171,5,4.3,70279,4.2
R089,13,149,5,4.0,56382,5.8
R089,14,163,5,4.0,70815,4.5
R089,15,144,4,4.4,57141,7.1
R089,16,127,2,4.4,60542,4.3
R089,17,162,5,4.2,67715,5.1
R089,18,137,3,4.2,57001,3.5
R090,4,179,8,4.1,50266,1.9
R090,5,162,8,4.6,41181,2.9
R090,6,150,7,4.2,38213,2.9
R090,7,194,5,4.2,52175,0.9
R090,8,180,10,4.3,36750,2.1
R090,9,191,11,4.3,41015,3.8
R090,10,180,7,4.4,44111,1.6
R090,11,172,9,4.2,45882,0.6
R090,12,204,9,4.5,49613,1.5
R090,13,166,5,4.4,40273,2.0
R090,14,179,8,4.4,46701,1.7
R090,15,153,5,4.3,38060,1.0
R090,16,190,7,3.9,51979,0.4
R090,17,183,9,4.4,41277,2.7
R090,18,184,7,4.5,47868,2.5
R091,3,17,0,4.3,4233,4.3
R091,4,19,0,4.4,5086,3.7
R091,5,21,0,4.1,5984,5.5
R091,6,19,0,4.2,4807,4.4
R091,7,17,0,4.0,5081,4.9
R091,8,15,0,4.1,3666,4.7
R091,9,14,0,3.7,3481,6.0
R091,10,16,0,4.4,4083,5.3
R091,11,20,0,3.9,5209,7.0
R091,12,17,0,4.5,4957,4.9
R091,13,17,0,4.1,4682,3.4
R091,14,15,0,3.9,4526,2.9
R091,15,19,0,4.4,5091,2.8
R091,16,17,0,4.2,4983,4.1
R091,17,15,0,4.1,3939,6.8
R091,18,20,0,4.3,5710,4.9
R092,14,24,1,3.2,6812,5.6
R092,15,22,1,3.7,6981,6.1
R092,16,25,2,3.5,7755,4.2
R092,17,23,1,3.9,7007,4.6
R092,18,25,2,3.6,7876,3.6
R093,4,53,3,3.9,8295,4.5
R093,5,66,5,3.8,8465,5.1
R093,6,82,8,3.9,12969,6.0
R093,7,81,5,3.8,10262,5.4
R093,8,73,6,4.3,10621,5.0
R093,9,72,7,4.0,11229,5.1
R093,10,67,4,3.8,8126,5.8
R093,11,75,7,3.6,9217,6.2
R093,12,74,6,4.1,9028,4.8
R093,13,66,3,3.9,8488,4.8
R093,14,66,5,3.8,9155,5.9
R093,15,70,5,3.9,9472,6.7
R093,16,75,7,4.0,8836,5.0
R093,17,72,6,4.2,9298,5.5
R093,18,78,6,4.2,9159,6.1
R094,10,96,3,4.2,32588,9.2
R094,11,82,1,3.9,24429,9.7
R094,12,88,2,4.4,26008,11.5
R094,13,96,2,4.2,26904,9.4
R094,14,70,2,3.7,21908,8.4
R094,15,83,1,4.5,23015,10.2
R094,16,100,1,4.1,35794,8.2
R094,17,100,2,4.2,31384,9.7
R094,18,81,2,4.3,25692,9.7
R095,2,138,4,4.1,16679,3.9
R095,3,135,3,4.0,20569,3.8
R095,4,152,4,4.0,21068,5.2
R095,5,151,4,4.3,22620,2.7
R095,6,153,4,4.4,22841,3.9
R095,7,157,4,3.8,24484,4.0
R095,8,170,4,4.4,25442,5.3
R095,9,141,4,3.8,19984,3.1
R095,10,131,3,4.2,18529,4.4
R095,11,146,5,4.1,21481,3.9
R095,12,166,6,4.1,22438,2.9
R095,13,136,2,3.9,20221,4.4
R095,14,183,5,4.0,29063,2.7
R095,15,126,4,4.1,17776,3.6
R095,16,152,3,4.1,19293,4.2
R095,17,179,4,4.1,25176,4.6
R095,18,155,4,4.2,21849,4.5
R096,6,59,2,4.7,14969,2.1
R096,7,62,2,4.1,12489,3.0
R096,8,51,2,4.3,11064,3.1
R096,9,55,3,4.1,14033,1.4
R096,10,54,2,4.2,13479,3.3
R096,11,57,1,4.2,14542,5.4
R096,12,58,2,4.3,13365,4.1
R096,13,56,2,4.4,13652,4.0
R096,14,58,3,3.9,11489,4.2
R096,15,61,3,4.2,14416,1.8
R096,16,60,4,4.2,15157,3.6
R096,17,54,3,4.1,12439,4.9
R096,18,64,3,4.2,15191,4.5
R097,11,88,3,4.1,21380,3.1
R097,12,83,1,4.2,23731,5.1
R097,13,91,2,4.2,23826,4.1
R097,14,86,2,4.5,20639,3.1
R097,15,76,1,4.7,16467,4.8
R097,16,82,1,4.5,19477,4.0
R097,17,90,1,4.5,21802,2.6
R097,18,80,0,4.3,22042,2.9
R098,10,34,1,4.2,9492,0.8
R098,11,39,0,4.3,9296,1.0
R098,12,35,1,4.4,8490,0.0
R098,13,26,1,4.2,7930,1.8
R098,14,34,1,4.4,7656,0.0
R098,15,31,0,4.2,6537,0.3
R098,16,36,1,4.3,9223,0.0
R098,17,30,1,4.1,7338,0.0
R098,18,27,0,4.5,6121,0.0
R099,4,50,1,4.2,12767,2.4
R099,5,52,1,4.6,13031,4.8
R099,6,64,2,4.3,17932,4.4
R099,7,70,2,3.9,16163,3.1
R099,8,74,2,4.1,16418,2.0
R099,9,65,1,4.0,17581,4.0
R099,10,69,2,4.2,19793,2.6
R099,11,62,2,4.2,14852,4.0
R099,12,52,1,4.3,12767,2.7
R099,13,62,2,4.3,17634,3.4
R099,14,64,2,4.4,16570,3.4
R099,15,69,1,4.1,21038,2.7
R099,16,66,2,4.7,16999,2.5
R099,17,65,1,4.3,16805,1.6
R099,18,76,2,4.1,21566,4.3
R100,7,26,0,3.9,7121,3.7
R100,8,25,0,4.3,7338,2.1
R100,9,30,0,4.2,9221,2.6
R100,10,30,0,3.9,8965,3.1
R100,11,27,0,4.3,6355,4.0
R100,12,30,0,4.2,10522,4.2
R100,13,26,0,3.9,6218,3.0
R100,14,30,0,4.3,8727,1.6
R100,15,28,0,4.3,7902,3.4
R100,16,29,0,4.4,7949,3.7
R100,17,22,0,4.0,7648,5.0
R100,18,25,0,4.0,6486,2.5
R101,4,223,19,3.7,59711,1.0
R101,5,175,13,4.2,43087,0.0
R101,6,231,16,3.9,58227,2.8
R101,7,210,14,3.8,47242,1.0
R101,8,251,25,4.3,67461,1.3
R101,9,192,16,3.9,53078,0.2
R101,10,215,12,4.0,58869,0.0
R101,11,185,11,3.9,40817,2.4
R101,12,223,20,3.6,64591,1.8
R101,13,199,12,3.9,48658,0.8
R101,14,198,18,3.4,58044,2.1
R101,15,218,17,4.1,55676,0.9
R101,16,238,27,3.7,63635,0.2
R101,17,224,16,4.1,56876,1.2
R101,18,248,18,4.0,59577,2.3
R102,2,54,1,3.5,19017,4.3
R102,3,43,2,3.5,13009,5.3
R102,4,49,2,3.8,15092,4.8
R102,5,55,4,3.5,15093,12.7
R102,6,48,2,3.7,12387,12.2
R102,7,48,3,3.3,15242,12.5
R102,8,23,3,3.1,6641,9.3
R102,9,18,2,3.2,4509,8.3
R102,10,11,0,3.1,2828,7.0
R102,11,5,0,2.9,1348,7.3
R102,12,3,0,2.8,879,7.3
R102,13,2,0,2.6,624,8.2
R102,14,1,0,2.6,311,6.4
R102,15,0,0,2.1,0,6.5
R102,16,0,0,2.3,0,9.4
R102,17,0,0,2.1,0,7.4
R102,18,0,0,1.9,0,7.5
R103,5,77,5,4.2,14214,2.1
R103,6,56,2,4.1,10414,3.1
R103,7,67,3,4.2,15868,2.2
R103,8,69,4,4.0,14731,1.1
R103,9,66,3,4.1,10035,3.7
R103,10,71,4,4.4,12451,0.3
R103,11,76,3,3.9,15223,4.7
R103,12,68,4,3.9,10706,3.3
R103,13,72,3,4.4,11230,1.4
R103,14,65,3,4.4,12371,2.3
R103,15,60,3,3.9,9915,2.1
R103,16,70,3,4.2,12882,3.4
R103,17,72,5,4.0,14787,0.9
R103,18,88,5,4.0,16235,2.3
R104,6,188,11,3.6,45829,5.2
R104,7,173,10,3.7,44137,5.1
R104,8,187,13,3.8,34440,5.1
R104,9,153,16,4.0,34276,15.6
R104,10,190,18,3.6,36375,14.2
R104,11,186,22,3.6,35648,15.8
R104,12,85,11,3.5,19075,7.7
R104,13,67,4,3.4,14606,8.1
R104,14,39,5,3.3,8278,7.4
R104,15,25,3,2.5,4735,7.9
R104,16,10,1,2.9,2356,8.1
R104,17,9,1,2.9,1914,8.0
R104,18,5,0,2.8,978,9.6
R105,18,121,13,3.3,45654,7.2
R106,2,218,1,4.6,46707,3.9
R106,3,155,1,4.4,29975,4.5
R106,4,195,1,4.0,41785,3.2
R106,5,189,1,4.1,42931,4.5
R106,6,212,2,4.1,50799,4.2
R106,7,199,1,4.0,43899,2.8
R106,8,207,2,4.5,42912,5.0
R106,9,181,1,4.4,29245,4.1
R106,10,221,2,4.7,35996,5.3
R106,11,200,2,4.3,37498,2.7
R106,12,212,2,4.2,32891,4.2
R106,13,207,1,4.2,43674,5.5
R106,14,187,1,4.5,39378,3.5
R106,15,236,2,4.3,39286,5.0
R106,16,220,2,4.5,42904,4.3
R106,17,176,1,4.5,38115,3.4
R106,18,182,2,4.3,36235,3.7
R107,6,75,2,4.3,18726,3.4
R107,7,108,4,4.3,26366,4.9
R107,8,96,2,4.5,26011,4.8
R107,9,85,2,4.1,21116,4.0
R107,10,84,2,3.9,23299,1.9
R107,11,92,3,4.3,22324,2.4
R107,12,86,3,4.5,19853,1.9
R107,13,82,3,4.2,19569,4.6
R107,14,84,2,4.4,23709,2.7
R107,15,101,3,4.1,24948,2.3
R107,16,93,5,4.5,22177,4.2
R107,17,80,2,4.3,19449,2.1
R107,18,86,3,4.6,18045,2.1
R108,5,290,14,4.2,42361,1.9
R108,6,304,14,4.1,39013,1.4
R108,7,310,9,4.4,41948,2.5
R108,8,304,11,4.0,43671,1.4
R108,9,254,8,4.3,37446,1.5
R108,10,309,11,3.7,46864,3.7
R108,11,300,8,4.1,41367,2.5
R108,12,260,10,3.8,37681,1.0
R108,13,297,10,3.5,45452,2.6
R108,14,323,8,4.0,46398,2.7
R108,15,243,10,4.0,28062,1.5
R108,16,299,8,4.2,43594,2.0
R108,17,238,7,4.0,29948,1.9
R108,18,310,12,4.0,42635,3.1
R109,14,83,3,4.2,16335,6.4
R109,15,77,3,4.1,12836,4.5
R109,16,69,3,4.3,12429,5.8
R109,17,73,3,4.1,11883,4.9
R109,18,71,2,4.3,15606,4.1
R110,5,389,32,4.3,97400,0.6
R110,6,371,28,4.5,98854,1.4
R110,7,327,24,4.5,73349,0.7
R110,8,391,35,4.5,96495,0.0
R110,9,368,35,4.8,84531,0.4
R110,10,329,30,4.3,76180,1.0
R110,11,347,40,4.2,104412,0.8
R110,12,400,38,4.2,98798,0.0
R110,13,351,34,4.3,100885,0.5
R110,14,287,44,4.2,79859,0.0
R110,15,363,29,3.8,89481,0.6
R110,16,347,34,4.3,88635,0.8
R110,17,353,32,4.1,94872,0.3
R110,18,342,35,4.3,80700,1.7
R111,13,91,1,4.3,20831,2.2
R111,14,108,2,4.0,23420,3.0
R111,15,116,3,3.8,19894,2.9
R111,16,86,1,4.5,15845,3.3
R111,17,103,2,3.9,20532,4.0
R111,18,97,2,3.9,17625,3.0
R112,4,93,5,4.1,23508,2.4
R112,5,84,4,4.7,22906,4.6
R112,6,80,3,4.8,22108,2.6
R112,7,90,5,4.5,22101,2.9
R112,8,89,4,4.7,22923,2.4
R112,9,109,6,4.7,30378,3.5
R112,10,85,2,4.3,23255,0.9
R112,11,87,5,4.6,24422,4.2
R112,12,100,6,4.5,26131,3.4
R112,13,84,5,4.6,21402,4.5
R112,14,84,3,4.5,20416,4.1
R112,15,79,4,4.7,19435,3.7
R112,16,78,4,4.6,20573,3.3
R112,17,90,4,4.7,27107,2.5
R112,18,102,5,4.9,26234,3.9
R113,6,231,26,3.9,98721,4.3
R113,7,206,19,4.2,73256,5.7
R113,8,203,29,4.0,74103,3.9
R113,9,201,21,4.1,76291,3.6
R113,10,210,24,3.5,76909,5.3
R113,11,213,26,4.0,76845,5.3
R113,12,247,21,3.8,113769,4.8
R113,13,215,24,4.1,72776,5.4
R113,14,210,21,3.9,78086,4.2
R113,15,240,25,3.9,94476,4.7
R113,16,232,25,4.0,92322,5.5
R113,17,175,23,4.1,62685,4.1
R113,18,200,19,4.0,91764,4.1
R114,18,69,1,3.5,9254,2.4
R115,10,101,21,3.3,29066,12.0
R115,11,116,19,3.5,29274,8.9
R115,12,101,17,3.3,25562,11.1
R115,13,113,23,3.6,30884,10.1
R115,14,97,15,3.4,25180,9.7
R115,15,121,18,3.4,31879,11.7
R115,16,131,30,3.3,33293,10.2
R115,17,116,21,3.4,28596,9.8
R115,18,82,10,3.7,24818,11.9
R116,6,140,24,3.0,39261,10.5
R116,7,130,30,3.5,36912,10.5
R116,8,113,24,3.8,34145,11.7
R116,9,140,39,3.1,35836,28.4
R116,10,148,42,3.1,42446,29.3
R116,11,154,38,3.4,54624,29.8
R116,12,82,30,2.7,29452,19.1
R116,13,57,16,2.7,16446,18.6
R116,14,31,9,2.6,8891,16.7
R116,15,12,3,2.6,3402,16.3
R116,16,9,3,2.7,2468,21.3
R116,17,7,1,2.8,2223,17.8
R116,18,4,0,2.3,1123,16.9
R117,12,118,7,4.3,17831,4.4
R117,13,102,5,4.3,15557,4.4
R117,14,105,7,4.4,16919,4.3
R117,15,100,6,4.2,14368,4.4
R117,16,112,6,4.0,14064,5.2
R117,17,116,8,4.1,16139,5.2
R117,18,105,5,4.2,14001,4.7
R118,16,134,1,4.1,29280,4.1
R118,17,157,1,4.4,46326,5.6
R118,18,152,1,4.4,31007,3.4
R119,4,93,19,3.4,27835,11.2
R119,5,103,18,3.5,28210,11.0
R119,6,98,17,3.1,32063,11.0
R119,7,105,27,3.1,32376,28.6
R119,8,108,27,3.4,34750,29.0
R119,9,92,26,3.2,31190,30.6
R119,10,60,15,3.1,19004,18.8
R119,11,26,7,2.8,7663,19.3
R119,12,21,4,2.4,5755,18.3
R119,13,15,5,2.6,5062,17.9
R119,14,7,1,2.4,2110,17.5
R119,15,4,1,2.4,1156,16.2
R119,16,3,1,2.0,915,17.9
R119,17,2,0,2.1,668,18.3
R119,18,1,0,1.9,295,19.3
R120,5,164,16,3.5,35112,6.9
R120,6,154,15,3.7,35006,6.6
R120,7,163,12,3.9,36275,4.8
R120,8,175,16,3.7,39322,5.2
R120,9,161,18,3.7,37608,5.5
R120,10,172,17,3.8,36829,6.4
R120,11,144,14,3.4,35728,5.4
R120,12,169,21,3.7,37682,5.7
R120,13,154,19,3.5,35441,7.8
R120,14,166,19,3.2,33963,6.2
R120,15,125,11,3.5,27456,7.1
R120,16,153,17,3.4,34108,7.0
R120,17,180,18,3.5,43433,5.3
R120,18,188,25,3.2,43285,6.1
R121,4,91,7,4.0,11864,4.0
R121,5,98,8,3.6,15711,3.8
R121,6,104,8,3.9,13334,2.8
R121,7,94,7,3.6,14034,4.4
R121,8,87,7,3.9,11045,5.5
R121,9,116,7,3.8,16397,6.5
R121,10,88,5,3.6,13504,3.8
R121,11,86,6,3.9,13020,4.5
R121,12,97,7,3.6,13000,4.5
R121,13,90,4,3.6,12259,5.2
R121,14,110,8,3.7,14482,3.5
R121,15,102,10,3.7,12285,5.3
R121,16,98,7,4.1,11570,3.1
R121,17,93,7,3.7,15847,4.1
R121,18,89,6,4.0,11288,4.3
R122,4,81,5,3.7,40484,5.4
R122,5,63,2,3.8,28817,3.4
R122,6,70,3,3.5,31374,3.3
R122,7,76,2,3.9,32386,2.4
R122,8,75,3,3.6,21422,3.0
R122,9,76,3,3.7,35166,3.5
R122,10,58,2,3.7,21416,4.3
R122,11,63,3,3.4,24606,4.2
R122,12,72,3,3.7,29203,4.2
R122,13,79,5,3.7,26515,4.4
R122,14,83,6,4.0,31767,3.8
R122,15,71,3,3.7,32249,2.2
R122,16,66,4,4.0,24811,5.1
R122,17,81,4,3.3,27162,3.0
R122,18,79,4,3.6,31060,3.6
R123,6,216,26,3.3,33937,4.7
R123,7,220,23,3.6,37494,5.1
R123,8,218,31,3.7,35895,3.7
R123,9,236,44,3.9,33384,11.7
R123,10,268,38,3.4,36606,15.2
R123,11,234,32,3.4,40189,14.4
R123,12,145,21,3.2,24184,8.1
R123,13,104,22,2.9,14637,7.6
R123,14,35,9,2.9,5845,7.1
R123,15,34,6,3.0,5715,6.3
R123,16,10,1,2.7,1677,8.3
R123,17,15,3,2.4,2444,7.3
R123,18,6,1,2.3,872,7.9
R124,1,81,0,4.4,21889,3.1
R124,2,115,1,4.4,31967,5.4
R124,3,68,0,4.4,17430,3.4
R124,4,97,1,4.1,27353,3.3
R124,5,99,1,4.5,22832,3.0
R124,6,86,0,4.1,17945,3.6
R124,7,95,1,4.6,27312,3.1
R124,8,97,0,4.3,32195,2.6
R124,9,96,1,4.0,28261,1.5
R124,10,101,1,4.4,25162,2.4
R124,11,104,0,4.4,29431,2.5
R124,12,94,0,4.3,27959,2.6
R124,13,92,1,4.2,24124,0.7
R124,14,87,0,4.2,22374,3.8
R124,15,90,0,4.3,22199,4.3
R124,16,105,0,4.5,32661,1.9
R124,17,86,0,4.0,21979,2.5
R124,18,102,1,4.3,26908,1.7
R125,4,275,24,4.2,44979,1.4
R125,5,266,23,4.4,43011,1.3
R125,6,249,23,4.6,46138,0.0
R125,7,195,15,4.3,33759,0.1
R125,8,271,25,4.3,49583,0.0
R125,9,260,19,4.2,45613,0.1
R125,10,237,17,4.6,47465,0.0
R125,11,282,25,4.3,48162,0.0
R125,12,265,18,4.5,55432,0.0
R125,13,289,21,4.2,58962,1.4
R125,14,311,26,4.5,58937,1.3
R125,15,271,25,4.1,48658,0.7
R125,16,278,26,4.3,47764,0.0
R125,17,261,22,4.1,46696,0.0
R125,18,201,18,4.3,37923,0.0
R126,16,43,0,4.2,11311,3.9
R126,17,35,0,4.2,8547,5.2
R126,18,32,0,4.4,5956,1.8
R127,6,122,2,4.4,15831,5.8
R127,7,115,2,4.0,15566,6.3
R127,8,125,3,3.9,16298,5.5
R127,9,95,2,4.1,13652,7.6
R127,10,129,2,4.1,16990,5.8
R127,11,123,2,4.3,19784,6.8
R127,12,97,2,4.1,12656,5.9
R127,13,118,2,3.8,14004,5.8
R127,14,118,2,4.0,16696,5.5
R127,15,119,3,4.2,16025,7.9
R127,16,121,2,3.9,19477,6.3
R127,17,100,2,3.9,13281,7.0
R127,18,118,2,4.1,15515,5.6
R128,18,121,1,4.0,18113,5.9
R129,6,142,25,3.9,26528,13.1
R129,7,158,37,3.8,31070,13.3
R129,8,134,22,3.8,27039,12.4
R129,9,140,29,3.6,30142,14.3
R129,10,122,24,3.7,24166,12.1
R129,11,136,33,3.8,30167,12.4
R129,12,138,32,3.6,34075,12.1
R129,13,125,32,3.3,25993,12.3
R129,14,113,23,3.7,25225,13.7
R129,15,151,30,4.1,32043,12.8
R129,16,125,29,3.5,27258,12.8
R129,17,131,28,3.5,27632,14.0
R129,18,131,30,3.4,27513,11.9
R130,13,348,4,4.2,104657,4.7
R130,14,288,3,4.3,65005,2.9
R130,15,305,2,3.7,66104,3.7
R130,16,295,2,4.5,71496,4.3
R130,17,246,2,4.2,52511,3.2
R130,18,308,2,4.1,80352,5.8
R131,16,131,1,3.7,32903,1.8
R131,17,126,1,4.1,24870,0.7
R131,18,143,1,4.2,35834,1.9
R132,5,90,14,3.5,15346,9.6
R132,6,92,15,3.7,16572,10.0
R132,7,90,13,3.6,14058,10.2
R132,8,80,8,3.6,14434,10.8
R132,9,79,11,3.8,12812,9.3
R132,10,111,16,3.5,19170,10.5
R132,11,76,11,3.9,12604,8.7
R132,12,94,15,3.6,15036,12.6
R132,13,85,10,3.7,15262,11.1
R132,14,68,9,3.9,11923,9.5
R132,15,102,18,3.6,18842,12.4
R132,16,81,13,4.1,14651,9.9
R132,17,93,17,3.5,15743,10.4
R132,18,85,13,3.7,15361,11.6
R133,5,102,13,3.6,25323,5.8
R133,6,106,17,3.9,27202,6.3
R133,7,119,18,3.2,28943,5.3
R133,8,119,18,3.6,27911,4.5
R133,9,116,17,3.4,22570,7.8
R133,10,121,15,3.9,29858,7.0
R133,11,132,13,3.7,37659,4.9
R133,12,106,11,3.8,26525,4.1
R133,13,122,15,3.6,27200,6.1
R133,14,130,15,3.3,30672,6.5
R133,15,113,10,3.7,31386,5.8
R133,16,99,12,3.6,22138,6.3
R133,17,107,14,3.6,27638,5.8
R133,18,115,12,3.6,27253,5.0
R134,4,340,13,4.2,71658,1.7
R134,5,291,12,4.4,61725,1.9
R134,6,256,11,4.3,51100,2.0
R134,7,399,12,4.2,70380,0.5
R134,8,299,7,4.4,69106,3.3
R134,9,306,10,4.5,61547,1.6
R134,10,326,14,4.1,65875,1.8
R134,11,336,13,4.3,61318,1.6
R134,12,281,11,4.5,50619,0.7
R134,13,314,11,4.3,70319,2.8
R134,14,362,13,4.1,81516,1.3
R134,15,344,13,4.3,73957,1.9
R134,16,368,14,4.3,71476,1.4
R134,17,291,8,4.4,49039,1.1
R134,18,299,9,4.3,55305,0.2
R135,18,266,2,4.1,120207,3.9
R136,14,119,4,4.2,21720,4.9
R136,15,138,5,4.0,21287,5.9
R136,16,145,4,4.4,24973,4.8
R136,17,139,5,4.4,28632,4.7
R136,18,143,3,4.6,24960,5.0
R137,4,219,21,3.7,56857,2.5
R137,5,237,26,3.5,49604,1.9
R137,6,228,26,4.1,49899,1.2
R137,7,254,22,3.7,49702,2.1
R137,8,307,19,3.5,66147,2.3
R137,9,280,31,3.4,58882,1.0
R137,10,256,25,3.5,55190,2.3
R137,11,241,22,4.0,65160,0.0
R137,12,260,38,3.8,58738,3.0
R137,13,263,29,3.7,60513,2.2
R137,14,280,25,3.6,50969,1.5
R137,15,282,29,3.5,51484,1.7
R137,16,281,25,3.4,59630,2.1
R137,17,290,27,3.9,71568,0.7
R137,18,290,29,3.5,76909,1.7
R138,6,98,4,3.7,27819,2.7
R138,7,118,5,3.9,38059,2.4
R138,8,136,5,4.0,48239,2.9
R138,9,124,4,3.8,43697,3.8
R138,10,127,3,3.8,45417,3.5
R138,11,128,6,3.8,40290,1.7
R138,12,102,4,3.9,26195,3.2
R138,13,109,4,4.1,33329,2.3
R138,14,124,4,4.0,41958,3.7
R138,15,148,4,3.9,39029,2.9
R138,16,122,8,3.9,36874,4.0
R138,17,121,7,4.0,39915,1.4
R138,18,146,6,3.9,41574,2.2
R139,2,63,0,3.8,12171,4.8
R139,3,76,0,4.0,12661,4.7
R139,4,68,0,4.2,14369,5.5
R139,5,82,0,4.1,14049,4.6
R139,6,72,0,4.1,12774,3.0
R139,7,60,0,3.9,10649,2.8
R139,8,74,0,4.3,16373,3.7
R139,9,66,0,4.4,13267,3.9
R139,10,74,0,4.2,15383,3.1
R139,11,60,0,4.4,9999,4.2
R139,12,63,0,4.1,12716,2.6
R139,13,67,0,4.0,15160,2.2
R139,14,70,0,4.0,13708,3.9
R139,15,66,0,4.3,12457,4.5
R139,16,74,0,4.4,13566,4.6
R139,17,66,0,4.2,13510,1.6
R139,18,75,0,4.3,15596,4.2
R140,8,171,1,4.2,30217,2.3
R140,9,230,2,4.3,44669,3.3
R140,10,226,2,4.3,40008,2.7
R140,11,188,1,3.9,35051,4.1
R140,12,234,3,4.0,42959,1.9
R140,13,210,1,4.2,35089,1.2
R140,14,200,2,4.2,37314,3.1
R140,15,211,2,4.1,32546,3.7
R140,16,239,2,4.0,38334,4.6
R140,17,205,2,4.1,34650,2.3
R140,18,194,2,3.9,35165,3.1
R141,5,355,18,4.6,57756,2.3
R141,6,277,22,4.4,46730,0.0
R141,7,279,14,4.3,46883,1.0
R141,8,337,19,4.5,45853,0.0
R141,9,281,14,4.1,43173,0.0
R141,10,347,21,4.3,46383,0.0
R141,11,341,22,4.7,62567,0.1
R141,12,321,15,4.6,53855,0.6
R141,13,311,13,4.3,49768,0.2
R141,14,306,17,4.6,42049,0.0
R141,15,372,15,4.3,65124,0.0
R141,16,328,18,4.9,63766,0.0
R141,17,365,22,4.4,54765,0.4
R141,18,320,16,4.3,58087,0.0
R142,4,158,16,3.8,28387,1.0
R142,5,194,10,3.8,30295,0.0
R142,6,171,14,3.6,27742,0.8
R142,7,198,11,3.7,38631,0.1
R142,8,152,12,3.9,26784,0.1
R142,9,171,14,3.9,29603,0.0
R142,10,210,18,3.3,42968,1.2
R142,11,179,18,4.2,29409,0.2
R142,12,205,25,3.7,44760,0.8
R142,13,197,20,3.9,43727,0.0
R142,14,204,25,4.0,36821,0.3
R142,15,150,12,3.9,23379,0.0
R142,16,205,18,4.0,39380,0.0
R142,17,169,15,3.4,33633,0.0
R142,18,188,18,3.8,34853,0.3
R143,7,74,0,4.3,16003,2.9
R143,8,74,0,4.0,16531,2.2
R143,9,71,0,3.6,17429,3.0
R143,10,58,0,4.4,14941,2.5
R143,11,63,0,4.3,13363,2.3
R143,12,71,0,4.0,16151,3.5
R143,13,61,0,4.1,13391,3.1
R143,14,64,0,4.4,15272,3.2
R143,15,62,0,4.2,14387,2.3
R143,16,66,0,4.4,14794,2.1
R143,17,60,0,3.9,16023,2.5
R143,18,68,0,4.2,15676,2.9
R144,6,56,4,4.5,10828,2.1
R144,7,53,4,4.3,10002,2.0
R144,8,61,5,4.5,11582,0.9
R144,9,56,5,4.0,10499,1.5
R144,10,55,5,4.3,8738,2.2
R144,11,64,5,4.2,13441,1.7
R144,12,60,4,4.0,9898,2.0
R144,13,60,5,4.0,10084,1.0
R144,14,75,5,4.2,13678,3.2
R144,15,51,4,3.9,7143,1.1
R144,16,64,4,4.3,11888,1.7
R144,17,69,4,4.3,10395,1.9
R144,18,60,3,4.3,10213,3.4
R145,5,91,4,3.8,16804,2.5
R145,6,121,7,3.5,21137,2.1
R145,7,107,5,3.9,22495,3.5
R145,8,129,4,4.1,23995,3.9
R145,9,104,4,4.0,19815,2.3
R145,10,136,5,3.8,27494,4.9
R145,11,115,5,3.7,22371,3.5
R145,12,134,7,3.7,27530,3.1
R145,13,130,7,4.1,23824,2.5
R145,14,126,7,3.8,26927,3.6
R145,15,118,6,3.7,22954,2.0
R145,16,120,7,3.9,24215,3.3
R145,17,122,4,3.8,23603,2.0
R145,18,99,5,3.8,19204,3.5
R146,18,98,0,4.1,25838,3.4
R147,5,101,4,4.0,23123,2.7
R147,6,111,7,3.6,29369,2.3
R147,7,116,5,3.5,35652,4.5
R147,8,111,5,3.8,35179,2.0
R147,9,106,5,3.7,34471,2.5
R147,10,105,3,3.9,34963,2.8
R147,11,117,5,3.3,35422,2.9
R147,12,110,5,3.7,38400,3.0
R147,13,106,5,3.8,40534,2.9
R147,14,112,4,4.0,35136,2.8
R147,15,99,3,3.9,25949,4.3
R147,16,95,4,3.6,29004,3.1
R147,17,113,4,3.7,37725,3.7
R147,18,81,4,3.6,23191,2.9
R148,5,191,15,3.8,44860,9.1
R148,6,186,17,4.3,41871,9.6
R148,7,192,18,4.3,40504,9.3
R148,8,142,13,3.9,35810,10.7
R148,9,160,13,3.9,36911,8.6
R148,10,156,20,4.0,37117,9.1
R148,11,143,9,4.2,37616,9.4
R148,12,176,14,4.3,43521,8.5
R148,13,175,12,4.2,37079,8.0
R148,14,172,11,4.2,34279,7.9
R148,15,166,16,4.4,32515,10.3
R148,16,147,17,4.3,34100,8.4
R148,17,140,9,4.4,30530,8.1
R148,18,147,15,4.0,26697,9.9
R149,1,114,7,4.2,20973,5.6
R149,2,124,5,3.9,34414,3.4
R149,3,108,6,4.1,26868,5.2
R149,4,114,5,3.9,30367,3.6
R149,5,89,4,4.0,24049,5.4
R149,6,103,4,4.1,25389,4.4
R149,7,106,4,4.1,27200,5.0
R149,8,89,3,3.6,20958,6.0
R149,9,110,4,4.1,32030,3.2
R149,10,138,6,4.1,38614,4.7
R149,11,104,6,3.9,30376,3.9
R149,12,103,6,4.0,27362,4.6
R149,13,139,9,4.2,47625,3.4
R149,14,118,5,3.7,32910,3.9
R149,15,128,5,3.9,39350,4.2
R149,16,123,6,4.1,31986,4.8
R149,17,109,4,4.0,32796,4.8
R149,18,119,5,3.7,27846,4.0
R150,13,273,2,4.7,51186,3.8
R150,14,306,3,4.8,69165,3.4
R150,15,289,3,4.7,58366,2.8
R150,16,323,3,4.7,68509,3.0
R150,17,308,2,4.7,63913,1.9
R150,18,315,3,4.6,56548,2.9
